{
        "id": 151,
        "icon": "/bofangqi/icon.png",
        "description": "music",
        "isNew": 1,
        "name": "music",
        "level": 1,
        "sort": 4,
        "pasterList": [{
        "id": 899,
            "fontId": null,
            "icon": "/bofangqi/icon.png",
            "name": "bofangqi",
            "priority": 1,
            "sort": 6,
            "type": 2
    },
        {
            "id": 900,
            "fontId": null,
            "icon": "/chun/icon.png",
            "name": "chun",
            "priority": 1,
            "sort": 2,
            "type": 2
        },
        {
            "id": 901,
            "fontId": null,
            "icon": "/Freestyle/icon.png",
            "name": "Freestyle",
            "priority": 1,
            "sort": 3,
            "type": 2
        },
        {
            "id": 902,
            "fontId": null,
            "icon": "/kk/icon.png",
            "name": "kk",
            "priority": 1,
            "sort": 4,
            "type": 2
        },
        {
            "id": 903,
            "fontId": null,
            "icon": "/meigui/icon.png",
            "name": "meigui",
            "priority": 1,
            "sort": 5,
            "type": 2
        },
        {
            "id": 904,
            "fontId": null,
            "icon": "/Music/icon.png",
            "name": "Music",
            "priority": 1,
            "sort": 1,
            "type": 2
        },
        {
            "id": 905,
            "fontId": null,
            "icon": "/Voive/icon.png",
            "name": "Voive",
            "priority": 1,
            "sort": 7,
            "type": 2
        },
        {
            "id": 906,
            "fontId": null,
            "icon": "/xiangsu/icon.png",
            "name": "xiangsu",
            "priority": 1,
            "sort": 8,
            "type": 2
        },
        {
            "id": 907,
            "fontId": null,
            "icon": "/yingguang/icon.png",
            "name": "yingguang",
            "priority": 1,
            "sort": 9,
            "type": 2
        },
        {
            "id": 908,
            "fontId": null,
            "icon": "/zouqi/icon.png",
            "name": "zouqi",
            "priority": 1,
            "sort": 10,
            "type": 2
        }
	]
    }